	name	Height	weight	bmi
0	Juozas	15	133	0.25206611570247933
1	Antanas	20	124	0.25206611570247933
2	Petras	22	122	0.25206611570247933
